0,nospec_no_specifier_test,1616241226,0
1,nospec_empty_string,1616241226,0
2,nospec_some_escaped_chars,1616241226,0
3,nospec_successive_5_5,1616241226,0
4,nospec_successive_2_9,1616241226,0
5,nospec_successive_8_3,1616241226,0
6,pct_basic,1616241226,0
7,pct_5w,1616241226,1616239555
8,pct_5wlj,1616241226,1616239555
9,pct_5wzp,1616241226,1616239555
10,pct_5wljzp,1616241226,1616239555
11,nocrash_nullspec_basic,1616241226,0
12,nocrash_nullspec_5w,1616241226,0
13,nocrash_nullspec_5wzp,1616241226,0
14,nocrash_nullspec_5wzplj,1616241226,0
15,nocrash_nullspec_5wlj,1616241226,0
16,s_basic_string_expansion,1616241226,0
17,s_only_string_expansion,1616241226,0
18,s_two_string_expansions,1616241226,0
19,s_two_string_expansions2,1616241226,0
20,s_empty_string_expansion,1616241226,0
21,s_full_then_empty_string,1616241226,0
22,s_empty_then_full_string,1616241226,0
23,s_three_strings,1616241226,0
24,s_space_padded_field_width,1616241226,1616239555
25,s_space_padded_field_width2,1616241226,1616239555
26,s_space_padded_over_field_width,1616241226,0
27,s_space_padded_field_width_lj,1616241226,1616239555
28,s_space_padded_field_width2_lj,1616241226,1616239555
29,s_space_padded_over_field_width_lj,1616241226,0
30,s_string_prec_notrunc,1616241226,1616239555
31,s_string_prec_trunc,1616241226,1616239555
32,s_string_prec_default,1616241226,1616239555
33,s_string_prec_zero,1616241226,1616239555
34,s_two_strings_prec_2trunc,1616241226,1616239555
35,s_two_strings_prec_1trunc_a,1616241226,1616239555
36,s_two_strings_prec_1trunc_b,1616241226,1616239555
37,s_two_strings_prec_0trunc,1616241226,1616239555
38,s_string_prec_width_notrunc,1616241226,1616239555
39,s_string_prec_width_trunc,1616241226,1616239555
40,s_string_prec_width_notrunc_lj,1616241226,1616239555
41,s_string_prec_width_trunc_lj,1616241226,1616239555
42,s_two_s_prec_width_2fit_0trunc,1616241226,1616239555
43,s_two_s_prec_width_1fit_a_0trunc,1616241226,1616239555
44,s_two_s_prec_width_1fit_b_0trunc,1616241226,1616239555
45,s_two_s_prec_width_0fit_0trunc,1616241226,1616239555
46,s_two_s_prec_width_2fit_1trunc_a,1616241226,1616239555
47,s_two_s_prec_width_1fit_a_1trunc_a,1616241226,1616239555
48,s_two_s_prec_width_1fit_b_1trunc_a,1616241226,1616239555
49,s_two_s_prec_width_0fit_1trunc_a,1616241226,1616239555
50,s_two_s_prec_width_2fit_1trunc_b,1616241226,1616239555
51,s_two_s_prec_width_1fit_a_1trunc_b,1616241226,1616239555
52,s_two_s_prec_width_1fit_b_1trunc_b,1616241226,1616239555
53,s_two_s_prec_width_0fit_1trunc_b,1616241226,1616239555
54,s_two_s_prec_width_2fit_2trunc,1616241226,1616239555
55,s_two_s_prec_width_1fit_a_2trunc,1616241226,1616239555
56,s_two_s_prec_width_1fit_b_2trunc,1616241226,1616239555
57,s_two_s_prec_width_0fit_2trunc,1616241226,1616239555
58,s_two_s_prec_width_2trunc,1616241226,1616239555
59,s_two_strings_lj_and_rj,1616241226,1616239555
60,s_two_strings_rj_and_lj,1616241226,1616239555
61,s_null_basic_string_expansion,1616241226,0
62,s_null_only_string_expansion,1616241226,0
63,s_null_space_padded_field_width,1616241226,1616239555
64,s_null_space_padded_over_field_width,1616241226,0
65,s_null_space_padded_field_width_lj,1616241226,1616239555
66,s_null_space_padded_field_width2_lj,1616241226,1616239555
67,s_null_space_padded_over_field_width_lj,1616241226,0
68,s_null_string_prec_notrunc,1616241226,0
69,s_null_string_prec_trunc,1616241226,1616239555
70,s_null_string_prec_default,1616241226,1616239555
71,s_null_string_prec_zero,1616241226,1616239555
72,s_basic_s_hidden,1616241226,0
73,s_width_3_s_hidden,1616241226,1616239555
74,s_width_9_s_hidden,1616241226,1616239555
75,s_prec_no_width_s_hidden,1616241226,1616239555
76,s_prec_9_no_width_s_hidden,1616241226,1616239555
77,s_prec_03_no_width_s_hidden,1616241226,1616239555
78,s_prec_09_no_width_s_hidden,1616241226,1616239555
79,s_prec_03_no_width_s_null,1616241226,1616239555
80,s_prec_09_no_width_s_null,1616241226,1616239555
81,s_prec_00_no_width_s_nullchar,1616241226,0
82,s_prec_01_no_width_s_nullchar,1616241226,1616239555
83,s_prec_03_no_width_s_nullchar,1616241226,1616088565
84,s_prec_09_no_width_s_nullchar,1616241226,1616088565
85,s_prec_0_width_3_s_hidden,1616241226,1616239555
86,s_prec_0_width_10_s_hidden,1616241226,1616239555
87,s_prec_0_width_3_s_null,1616241226,1616239555
88,s_prec_0_width_10_s_null,1616241226,1616239555
89,s_prec_0_width_1_s_nullchar,1616241226,0
90,s_prec_0_width_2_s_nullchar,1616241226,0
91,s_prec_0_width_9_s_nullchar,1616241226,0
92,s_prec_0_lj_width_3_s_hidden,1616241226,1616239555
93,s_prec_0_lj_width_8_s_hidden,1616241226,1616239555
94,s_prec_0_lj_width_3_s_null,1616241226,1616239555
95,s_prec_0_lj_width_8_s_null,1616241226,1616239555
96,s_prec_0_lj_width_1_s_nullchar,1616241226,1616239555
97,s_prec_0_lj_width_2_s_nullchar,1616241226,1616239555
98,s_prec_0_lj_width_6_s_nullchar,1616241226,1616239555
99,s_prec_1_width_3_s_hidden,1616241226,1616239555
100,s_prec_1_width_10_s_hidden,1616241226,1616239555
101,s_prec_1_width_3_s_null,1616241226,1616239555
102,s_prec_1_width_9_s_null,1616241226,1616239555
103,s_prec_1_lj_width_3_s_hidden,1616241226,1616239555
104,s_prec_1_lj_width_10_s_hidden,1616241226,1616239555
105,s_prec_1_lj_width_3_s_null,1616241226,1616239555
106,s_prec_1_lj_width_9_s_null,1616241226,1616239555
107,s_prec_1_lj_width_3_s_nullchar,1616241226,1616239555
108,s_prec_1_lj_width_6_s_nullchar,1616241226,1616239555
109,s_prec_perfect_width_3_s_hidden,1616241226,0
110,s_prec_perfect_width_20_s_hidden,1616241226,1616239555
111,s_prec_perfect_width_3_s_null,1616241226,0
112,s_prec_perfect_width_20_s_null,1616241226,1616239555
113,s_prec_perfect_width_3_s_nullchar,1616241226,1616239555
114,s_prec_perfect_width_6_s_nullchar,1616241226,1616239555
115,s_prec_perfect_lj_width_3_s_hidden,1616241226,0
116,s_prec_perfect_lj_width_20_s_hidden,1616241226,1616239555
117,s_prec_8_lj_width_3_s_hidden,1616241226,0
118,s_prec_8_lj_width_10_s_hidden,1616241226,1616239555
119,s_prec_8_lj_width_3_s_null,1616241226,0
120,s_prec_8_lj_width_10_s_null,1616241226,1616239555
121,s_prec_00_lj_s_hidden_trunc,1616241226,1616239555
122,s_prec_09_lj_s_hidden_notrunc,1616241226,1616088565
123,s_undefbehav_0_2zero,1616241226,0
124,s_undefbehav_0_3zero,1616241226,0
125,s_undefbehav_0_4zero,1616241226,0
126,s_undefbehav_0_lj_2zero,1616241226,0
127,s_undefbehav_0_zero_lj_zero,1616241226,0
128,s_undefbehav_0_2zero_lj,1616241226,0
129,s_undefbehav_0_width_3,1616241226,0
130,s_undefbehav_0_width_9,1616241226,1616239555
131,s_undefbehav_lj_0_width_3,1616241226,1616239555
132,s_undefbehav_lj_0_width_9,1616241226,1616239555
133,i_basic_i_pos,1616241226,0
134,i_basic_i_neg,1616241226,0
135,i_basic_i_zero,1616241226,0
136,i_basic_i_onlypos,1616241226,0
137,i_basic_i_onlyneg,1616241226,0
138,i_basic_i_onlyzero,1616241226,0
139,d_basic_pos,1616241226,0
140,d_basic_neg,1616241226,0
141,d_basic_zero,1616241226,0
142,i_intmax,1616241226,0
143,i_intmin,1616241226,0
144,i_width_pos_fits,1616241226,1616239555
145,i_width_neg_fits,1616241226,1616239555
146,i_width_zero_fits,1616241226,1616239555
147,i_width_pos_exactfit,1616241226,0
148,i_width_neg_exactfit,1616241226,0
149,i_width_pos_nofit,1616241226,0
150,i_width_neg_nofit,1616241226,0
151,i_width_pos_fits_lj,1616241226,1616239555
152,i_width_neg_fits_lj,1616241226,1616239555
153,i_width_zero_fits_lj,1616241226,1616239555
154,i_width_pos_exactfit_lj,1616241226,0
155,i_width_neg_exactfit_lj,1616241226,0
156,i_width_pos_nofit_lj,1616241226,0
157,i_width_neg_nofit_lj,1616241226,0
158,i_prec_fits_pos,1616241226,1616239555
159,i_prec_fits_neg,1616241226,1616239555
160,i_prec_fits_zero,1616241226,1616239555
161,i_prec_exactfit_pos,1616241226,0
162,i_prec_exactfit_neg,1616241226,0
163,i_prec_nofit_pos,1616241226,0
164,i_prec_nofit_neg,1616241226,0
165,i_zp_pos_fits,1616241226,1616239555
166,i_zp_neg_fits,1616241226,1616239555
167,i_zp_zero_fits,1616241226,1616239555
168,i_zp_pos_exactfit,1616241226,0
169,i_zp_neg_exactfit,1616241226,0
170,i_zp_neg_minus1fit,1616241226,0
171,i_prec_width_fit_fit_pos,1616241226,1616239555
172,i_prec_width_fit_fit_neg,1616241226,1616239555
173,i_prec_width_fit_fit_zero,1616241226,1616239555
174,i_prec_width_nofit_fit_pos,1616241226,1616239555
175,i_prec_width_nofit_fit_neg,1616241226,1616239555
176,i_prec_width_fit_nofit_pos,1616241226,1616239555
177,i_prec_width_fit_nofit_neg,1616241226,1616239555
178,i_prec_width_nofit_nofit_pos,1616241226,1616239555
179,i_prec_width_nofit_nofit_neg,1616241226,1616239555
180,i_prec_width_fit_fit_pos_lj,1616241226,1616239555
181,i_prec_width_fit_fit_neg_lj,1616241226,1616239555
182,i_prec_width_fit_fit_zero_lj,1616241226,1616239555
183,i_prec_width_nofit_fit_pos_lj,1616241226,1616239555
184,i_prec_width_nofit_fit_neg_lj,1616241226,1616239555
185,i_prec_width_fit_nofit_pos_lj,1616241226,1616239555
186,i_prec_width_fit_nofit_neg_lj,1616241226,1616239555
187,i_prec_width_nofit_nofit_pos_lj,1616241226,1616239555
188,i_prec_width_nofit_nofit_neg_lj,1616241226,1616239555
189,i_prec_width_ff_pos_zp,1616241226,1616239555
190,i_prec_width_ff_neg_zp,1616241226,1616239555
191,i_prec_width_ff_zero_zp,1616241226,1616239555
192,i_prec_width_nf_pos_zp,1616241226,1616239555
193,i_prec_width_nf_neg_zp,1616241226,1616239555
194,i_prec_width_fn_pos_zp,1616241226,1616239555
195,i_prec_width_fn_neg_zp,1616241226,1616239555
196,i_prec_width_nn_pos_zp,1616241226,1616239555
197,i_prec_width_nn_neg_zp,1616241226,1616239555
198,i_prec_width_ff_pos_lj_zp_ignoreflag,1616241226,1616239555
199,i_prec_width_ff_neg_ljzp_ignoreflag,1616241226,1616239555
200,i_prec_width_ff_zero_ljzp_ignoreflag,1616241226,1616239555
201,i_prec_width_nf_pos_ljzp_ignoreflag,1616241226,1616239555
202,i_prec_width_nf_neg_ljzp_ignoreflag,1616241226,1616239555
203,i_prec_width_fn_pos_ljzp_ignoreflag,1616241226,1616239555
204,i_prec_width_fn_neg_ljzp_ignoreflag,1616241226,1616239555
205,i_prec_width_nn_pos_ljzp_ignoreflag,1616241226,1616239555
206,i_prec_width_nn_neg_ljzp_ignoreflag,1616241226,1616239555
207,i_size_follows_i_i,1616241226,0
208,i_prec0val0_basic,1616241226,1616239555
209,i_prec0val0_implicit,1616241226,1616239555
210,i_prec0val0_w,1616241226,1616239555
211,i_prec0val0_w_impl,1616241226,1616239555
212,i_prec0val0_wlj,1616241226,1616239555
213,i_prec0val0_wlj_impl,1616241226,1616239555
214,d_basic_i_pos,1616241226,0
215,d_basic_i_neg,1616241226,0
216,d_basic_i_zero,1616241226,0
217,d_basic_i_onlypos,1616241226,0
218,d_basic_i_onlyneg,1616241226,0
219,d_basic_i_onlyzero,1616241226,0
220,d_intmax,1616241226,0
221,d_intmin,1616241226,0
222,d_width_pos_fits,1616241226,1616239555
223,d_width_neg_fits,1616241226,1616239555
224,d_width_zero_fits,1616241226,1616239555
225,d_width_pos_exactfit,1616241226,0
226,d_width_neg_exactfit,1616241226,0
227,d_width_pos_nofit,1616241226,0
228,d_width_neg_nofit,1616241226,0
229,d_width_pos_fits_lj,1616241226,1616239555
230,d_width_neg_fits_lj,1616241226,1616239555
231,d_width_zero_fits_lj,1616241226,1616239555
232,d_width_pos_exactfit_lj,1616241226,0
233,d_width_neg_exactfit_lj,1616241226,0
234,d_width_pos_nofit_lj,1616241226,0
235,d_width_neg_nofit_lj,1616241226,0
236,d_prec_fits_pos,1616241226,1616239555
237,d_prec_fits_neg,1616241226,1616239555
238,d_prec_fits_zero,1616241226,1616239555
239,d_prec_exactfit_pos,1616241226,0
240,d_prec_exactfit_neg,1616241226,0
241,d_prec_nofit_pos,1616241226,0
242,d_prec_nofit_neg,1616241226,0
243,d_zp_pos_fits,1616241226,1616239555
244,d_zp_neg_fits,1616241226,1616239555
245,d_zp_zero_fits,1616241226,1616239555
246,d_zp_pos_exactfit,1616241226,0
247,d_zp_neg_exactfit,1616241226,0
248,d_zp_neg_minus1fit,1616241226,0
249,d_prec_width_fit_fit_pos,1616241226,1616239555
250,d_prec_width_fit_fit_neg,1616241226,1616239555
251,d_prec_width_fit_fit_zero,1616241226,1616239555
252,d_prec_width_nofit_fit_pos,1616241226,1616239555
253,d_prec_width_nofit_fit_neg,1616241226,1616239555
254,d_prec_width_fit_nofit_pos,1616241226,1616239555
255,d_prec_width_fit_nofit_neg,1616241226,1616239555
256,d_prec_width_nofit_nofit_pos,1616241226,1616239555
257,d_prec_width_nofit_nofit_neg,1616241226,0
258,d_prec_width_fit_fit_pos_lj,1616241226,1616239555
259,d_prec_width_fit_fit_neg_lj,1616241226,1616239555
260,d_prec_width_fit_fit_zero_lj,1616241226,1616239555
261,d_prec_width_nofit_fit_pos_lj,1616241226,1616239555
262,d_prec_width_nofit_fit_neg_lj,1616241226,1616239555
263,d_prec_width_fit_nofit_pos_lj,1616241226,1616239555
264,d_prec_width_fit_nofit_neg_lj,1616241226,1616239555
265,d_prec_width_nofit_nofit_pos_lj,1616241226,1616239555
266,d_prec_width_nofit_nofit_neg_lj,1616241226,0
267,d_prec_width_ff_pos_zp,1616241226,1616239555
268,d_prec_width_ff_neg_zp,1616241226,1616239555
269,d_prec_width_ff_zero_zp,1616241226,1616239555
270,d_prec_width_nf_pos_zp,1616241226,1616239555
271,d_prec_width_nf_neg_zp,1616241226,1616239555
272,d_prec_width_fn_pos_zp,1616241226,1616239555
273,d_prec_width_fn_neg_zp,1616241226,1616239555
274,d_prec_width_nn_pos_zp,1616241226,1616239555
275,d_prec_width_nn_neg_zp,1616241226,0
276,d_prec_width_ff_pos_lj_zp_ignoreflag,1616241226,1616239555
277,d_prec_width_ff_neg_ljzp_ignoreflag,1616241226,1616239555
278,d_prec_width_ff_zero_ljzp_ignoreflag,1616241226,1616239555
279,d_prec_width_nf_pos_ljzp_ignoreflag,1616241226,1616239555
280,d_prec_width_nf_neg_ljzp_ignoreflag,1616241226,1616239555
281,d_prec_width_fn_pos_ljzp_ignoreflag,1616241226,1616239555
282,d_prec_width_fn_neg_ljzp_ignoreflag,1616241226,1616239555
283,d_prec_width_nn_pos_ljzp_ignoreflag,1616241226,1616239555
284,d_prec_width_nn_neg_ljzp_ignoreflag,1616241226,0
285,d_prec0val0_basic,1616241226,1616239555
286,d_prec0val0_implicit,1616241226,1616239555
287,d_prec0val0_w,1616241226,1616239555
288,d_prec0val0_w_impl,1616241226,1616239555
289,d_prec0val0_wlj,1616241226,1616239555
290,d_prec0val0_wlj_impl,1616241226,1616239555
291,u_basic_u_pos,1616241226,0
292,u_basic_u_zero,1616241226,0
293,u_basic_u_onlypos,1616241226,0
294,u_uintmax,1616241226,0
295,u_width_pos_fits,1616241226,1616239555
296,u_width_zero_fits,1616241226,1616239555
297,u_width_pos_exactfit,1616241226,0
298,u_width_pos_nofit,1616241226,0
299,u_width_pos_fits_lj,1616241226,1616239555
300,u_width_zero_fits_lj,1616241226,1616239555
301,u_width_pos_exactfit_lj,1616241226,0
302,u_width_pos_nofit_lj,1616241226,0
303,u_prec_fits_pos,1616241226,1616239555
304,u_prec_fits_zero,1616241226,1616239555
305,u_prec_exactfit_pos,1616241226,0
306,u_prec_nofit_pos,1616241226,0
307,u_zp_pos_fits,1616241226,1616239555
308,u_zp_zero_fits,1616241226,1616239555
309,u_zp_pos_exactfit,1616241226,0
310,u_prec_width_fit_fit_pos,1616241226,1616239555
311,u_prec_width_fit_fit_zero,1616241226,1616239555
312,u_prec_width_nofit_fit_pos,1616241226,1616239555
313,u_prec_width_fit_nofit_pos,1616241226,1616239555
314,u_prec_width_nofit_nofit_pos,1616241226,1616239555
315,u_prec_width_fit_fit_pos_lj,1616241226,1616239555
316,u_prec_width_fit_fit_zero_lj,1616241226,1616239555
317,u_prec_width_nofit_fit_pos_lj,1616241226,1616239555
318,u_prec_width_fit_nofit_pos_lj,1616241226,1616239555
319,u_prec_width_nofit_nofit_pos_lj,1616241226,1616239555
320,u_prec_width_ff_pos_zp,1616241226,1616239555
321,u_prec_width_ff_zero_zp,1616241226,1616239555
322,u_prec_width_nf_pos_zp,1616241226,1616239555
323,u_prec_width_fn_pos_zp,1616241226,1616239555
324,u_prec_width_nn_pos_zp,1616241226,1616239555
325,u_prec_width_ff_pos_ljzp_ignoreflag,1616241226,1616239555
326,u_prec_width_ff_zero_ljzp_ignoreflag,1616241226,1616239555
327,u_prec_width_nf_pos_ljzp_ignoreflag,1616241226,1616239555
328,u_prec_width_fn_pos_ljzp_ignoreflag,1616241226,1616239555
329,u_prec_width_nn_pos_ljzp_ignoreflag,1616241226,1616239555
330,u_prec0val0_basic,1616241226,1616239555
331,u_prec0val0_implicit,1616241226,1616239555
332,u_prec0val0_w,1616241226,1616239555
333,u_prec0val0_w_impl,1616241226,1616239555
334,u_prec0val0_wlj,1616241226,1616239555
335,u_prec0val0_wlj_impl,1616241226,1616239555
336,x_basic_pos,1616241226,0
337,x_basic_zero,1616241226,0
338,x_basic_onlypos,1616241226,0
339,x_hexlmax,1616241226,0
340,x_width_pos_fits,1616241226,1616239555
341,x_width_zero_fits,1616241226,1616239555
342,x_width_pos_exactfit,1616241226,1616239555
343,x_width_pos_nofit,1616241226,0
344,x_width_pos_fits_lj,1616241226,1616239555
345,x_width_zero_fits_lj,1616241226,1616239555
346,x_width_pos_exactfit_lj,1616241226,1616239555
347,x_width_pos_nofit_lj,1616241226,0
348,x_prec_fits_pos,1616241226,1616239555
349,x_prec_fits_zero,1616241226,1616239555
350,x_prec_exactfit_pos,1616241226,0
351,x_prec_nofit_pos,1616241226,0
352,x_zp_pos_fits,1616241226,1616239555
353,x_zp_zero_fits,1616241226,1616239555
354,x_zp_pos_exactfit,1616241226,0
355,x_prec_width_fit_fit_pos,1616241226,1616239555
356,x_prec_width_fit_fit_zero,1616241226,1616239555
357,x_prec_width_nofit_fit_pos,1616241226,1616239555
358,x_prec_width_fit_nofit_pos,1616241226,1616239555
359,x_prec_width_nofit_nofit_pos,1616241226,1616239555
360,x_prec_width_fit_fit_pos_lj,1616241226,1616239555
361,x_prec_width_fit_fit_zero_lj,1616241226,1616239555
362,x_prec_width_nofit_fit_pos_lj,1616241226,1616239555
363,x_prec_width_fit_nofit_pos_lj,1616241226,1616239555
364,x_prec_width_nofit_nofit_pos_lj,1616241226,1616239555
365,x_prec_width_ff_pos_zp,1616241226,1616239555
366,x_prec_width_ff_zero_zp,1616241226,1616239555
367,x_prec_width_nf_pos_zp,1616241226,1616239555
368,x_prec_width_fn_pos_zp,1616241226,1616239555
369,x_prec_width_nn_pos_zp,1616241226,1616239555
370,x_prec_width_ff_pos_ljzp_ignoreflag,1616241226,1616239555
371,x_prec_width_ff_zero_ljzp_ignoreflag,1616241226,1616239555
372,x_prec_width_nf_pos_ljzp_ignoreflag,1616241226,1616239555
373,x_prec_width_fn_pos_ljzp_ignoreflag,1616241226,1616239555
374,x_prec_width_nn_pos_ljzp_ignoreflag,1616241226,1616239555
375,x_prec0val0_basic,1616241226,1616239555
376,x_prec0val0_implicit,1616241226,1616239555
377,x_prec0val0_w,1616241226,1616239555
378,x_prec0val0_w_impl,1616241226,1616239555
379,x_prec0val0_wlj,1616241226,1616239555
380,x_prec0val0_wlj_impl,1616241226,1616239555
381,X_basic_hexu_pos,1616241226,0
382,X_basic_hexu_zero,1616241226,0
383,X_basic_hexu_onlypos,1616241226,0
384,X_hexumax,1616241226,0
385,X_width_pos_fits,1616241226,1616239555
386,X_width_zero_fits,1616241226,1616239555
387,X_width_pos_exactfit,1616241226,1616239555
388,X_width_pos_nofit,1616241226,0
389,X_width_pos_fits_lj,1616241226,1616239555
390,X_width_zero_fits_lj,1616241226,1616239555
391,X_width_pos_exactfit_lj,1616241226,1616239555
392,X_width_pos_nofit_lj,1616241226,0
393,X_prec_fits_pos,1616241226,1616239555
394,X_prec_fits_zero,1616241226,1616239555
395,X_prec_exactfit_pos,1616241226,0
396,X_prec_nofit_pos,1616241226,0
397,X_zp_pos_fits,1616241226,1616239555
398,X_zp_zero_fits,1616241226,1616239555
399,X_zp_pos_exactfit,1616241226,0
400,X_prec_width_fit_fit_pos,1616241226,1616239555
401,X_prec_width_fit_fit_zero,1616241226,1616239555
402,X_prec_width_nofit_fit_pos,1616241226,1616239555
403,X_prec_width_fit_nofit_pos,1616241226,1616239555
404,X_prec_width_nofit_nofit_pos,1616241226,1616239555
405,X_prec_width_fit_fit_pos_lj,1616241226,1616239555
406,X_prec_width_fit_fit_zero_lj,1616241226,1616239555
407,X_prec_width_nofit_fit_pos_lj,1616241226,1616239555
408,X_prec_width_fit_nofit_pos_lj,1616241226,1616239555
409,X_prec_width_nofit_nofit_pos_lj,1616241226,1616239555
410,X_prec_width_ff_pos_zp,1616241226,1616239555
411,X_prec_width_ff_zero_zp,1616241226,1616239555
412,X_prec_width_nf_pos_zp,1616241226,1616239555
413,X_prec_width_fn_pos_zp,1616241226,1616239555
414,X_prec_width_nn_pos_zp,1616241226,1616239555
415,X_prec_width_ff_pos_ljzp_ignoreflag,1616241226,1616239555
416,X_prec_width_ff_zero_ljzp_ignoreflag,1616241226,1616239555
417,X_prec_width_nf_pos_ljzp_ignoreflag,1616241226,1616239555
418,X_prec_width_fn_pos_ljzp_ignoreflag,1616241226,1616239555
419,X_prec_width_nn_pos_ljzp_ignoreflag,1616241226,1616239555
420,X_prec0val0_basic,1616241226,1616239555
421,X_prec0val0_implicit,1616241226,1616239555
422,X_prec0val0_w,1616241226,1616239555
423,X_prec0val0_w_impl,1616241226,1616239555
424,X_prec0val0_wlj,1616241226,1616239555
425,X_prec0val0_wlj_impl,1616241226,1616239555
426,p_null,1616241226,1616092020
427,p_null_width_fit,1616241226,1616234032
428,p_null_width_nofit,1616241226,1616239555
429,p_void,1616241226,1616239555
430,p_void_width_fit,1616241226,1616239555
431,p_void_width_nofit,1616241226,1616239555
432,p_ftfc_literal_9w_prec2_undefbehav,1616241226,1616239555
433,p_ftfc_literal_2w_prec9_undefbehav,1616241226,1616239555
434,p_ftfc_zero_prec5_undefbehav,1616241226,1616239555
435,p_ftfc_zero_prec0_undefbehav,1616241226,1616239555
436,p_ftfc_5w_throwswarning,1616241226,1616234032
437,p_basic,1616241226,1616234415
438,p_width_fit,1616241226,1616239555
439,p_width_nofit,1616241226,1616239555
440,p_width_16,1616241226,1616239555
441,p_width_8,1616241226,1616239555
442,p_width_32,1616241226,1616239555
443,p_width_fit_lj,1616241226,1616239555
444,p_width_nofit_lj,1616241226,1616234415
445,p_width_16_lj,1616241226,1616239555
446,p_width_8_lj,1616241226,1616234415
447,p_width_32_lj,1616241226,1616239555
448,c_allprintable_combined,1616241226,0
449,c_1_31_combined,1616241226,0
450,c_128_255_combined,1616241226,0
451,c_allprintable_width,1616241226,1616239555
452,c_1_31_width,1616241226,1616239555
453,c_128_255_width,1616241226,1616239555
454,c_allprintable_width_lj,1616241226,1616239555
455,c_1_31_width_lj,1616241226,1616239555
456,c_128_255_width_lj,1616241226,1616239555
457,c_nullterm_basic,1616241226,0
458,c_nullterm_5w,1616241226,1616239555
459,c_nullterm_5wlj,1616241226,1616239555
460,mix_successive_0,1616241226,0
461,mix_successive_4,1616241226,0
462,mix_successive_6,1616241226,0
463,mix_successive_10,1616241226,0
464,mix_successive_16,1616241226,0
465,mix_successive_20,1616241226,1616234415
466,mix_successive_21,1616241226,0
467,mix_successive_28,1616241226,0
468,mix_successive_30,1616241226,0
469,mix_successive_31,1616241226,0
470,mix_successive_32,1616241226,0
471,mix_successive_39,1616241226,0
472,mix_successive_40,1616241226,0
473,mix_successive_42,1616241226,0
474,mix_successive_43,1616241226,0
475,mix_successive_45,1616241226,0
476,mix_successive_46,1616241226,0
477,mix_successive_61,1616241226,1616234415
478,mix_successive_64,1616241226,0
479,nocrash_noarg_1_notmandatory,1616241226,0
480,nocrash_noarg_2_notmandatory,1616241226,0
481,nocrash_noarg_3_notmandatory,1616241226,0
482,nocrash_noarg_4_notmandatory,1616241226,0
483,nocrash_noarg_5_notmandatory,1616241226,0
484,nocrash_noarg_6_notmandatory,1616241226,0
485,nocrash_noarg_9_notmandatory,1616241226,0
486,nocrash_noarg_10_notmandatory,1616241226,0
487,nocrash_noarg_11_notmandatory,1616241226,0
488,nocrash_noarg_12_notmandatory,1616241226,0
489,nocrash_noarg_13_notmandatory,1616241226,0
490,nocrash_noarg_14_notmandatory,1616241226,0
491,nocrash_noarg_15_notmandatory,1616241226,0
492,nocrash_noarg_16_notmandatory,1616241226,0
493,nocrash_noarg_17_notmandatory,1616241226,0
494,nocrash_noarg_19_notmandatory,1616241226,0
495,nocrash_noarg_20_notmandatory,1616241226,0
496,nocrash_noarg_21_notmandatory,1616241226,0
497,nocrash_noarg_22_notmandatory,1616241226,0
498,nocrash_noarg_24_notmandatory,1616241226,0
499,nocrash_noarg_25_notmandatory,1616241226,0
500,nocrash_nullarg_1,1616241226,0
501,nocrash_nullarg_2,1616241226,0
502,nocrash_nullarg_3,1616241226,0
503,nocrash_nullarg_4,1616241226,0
504,nocrash_nullarg_5,1616241226,0
505,nocrash_nullarg_6,1616241226,0
506,nocrash_nullarg_9,1616241226,0
507,nocrash_nullarg_10,1616241226,0
508,nocrash_nullarg_11,1616241226,0
509,nocrash_nullarg_12,1616241226,0
510,nocrash_nullarg_13,1616241226,0
511,nocrash_nullarg_14,1616241226,0
512,nocrash_nullarg_15,1616241226,0
513,nocrash_nullarg_16,1616241226,1616091489
514,nocrash_nullarg_17,1616241226,0
515,nocrash_nullarg_18,1616241226,0
516,nocrash_nullarg_19,1616241226,0
517,nocrash_nullarg_20,1616241226,0
518,nocrash_nullarg_21,1616241226,0
519,nocrash_nullarg_22,1616241226,0
520,nocrash_nullarg_23,1616241226,0
521,nocrash_nullarg_24,1616241226,0
522,nocrash_nullarg_25,1616241226,0
523,nocrash_mandatory_wformat_undefbehav_01,1616241226,0
524,nocrash_mandatory_wformat_undefbehav_02,1616241226,0
525,nocrash_mandatory_wformat_undefbehav_03,1616241226,0
526,nocrash_mandatory_wformat_undefbehav_04,1616241226,0
527,nocrash_mandatory_wformat_undefbehav_05,1616241226,0
528,nocrash_mandatory_wformat_undefbehav_06,1616241226,0
529,nocrash_mandatory_wformat_undefbehav_07,1616241226,0
530,nocrash_mandatory_wformat_undefbehav_38,1616241226,0
531,nocrash_mandatory_wformat_undefbehav_39,1616241226,0
532,nocrash_mandatory_dupflag_d_spsp,1616241226,0
533,nocrash_mandatory_dupflag_d_ljljw,1616241226,0
534,nocrash_mandatory_dupflag_x_afaf,1616241226,0
535,nocrash_mandatory_c_prec_1,1616241226,0
536,nocrash_mandatory_c_prec_2,1616241226,0
537,nocrash_mandatory_c_af,1616241226,0
538,nocrash_mandatory_c_zp_1,1616241226,0
539,nocrash_mandatory_c_zp_2,1616241226,0
540,nocrash_mandatory_c_sp_1,1616241226,0
541,nocrash_mandatory_c_sp_2,1616241226,0
542,nocrash_mandatory_c_size_hh,1616241226,0
543,nocrash_mandatory_c_size_h,1616241226,0
544,nocrash_mandatory_c_size_l,1616241226,0
545,nocrash_mandatory_c_size_ll,1616241226,0
546,nocrash_mandatory_c_size_L,1616241226,0
547,nocrash_mandatory_c_lj_nowidth,1616241226,1616239555
548,nocrash_mandatory_s_af,1616241226,0
549,nocrash_mandatory_s_zp_1,1616241226,0
550,nocrash_mandatory_s_zp_2,1616241226,0
551,nocrash_mandatory_s_sp_1,1616241226,0
552,nocrash_mandatory_s_size_hh,1616241226,0
553,nocrash_mandatory_s_size_h,1616241226,0
554,nocrash_mandatory_s_size_l,1616241226,0
555,nocrash_mandatory_s_size_ll,1616241226,0
556,nocrash_mandatory_s_size_L,1616241226,0
557,nocrash_mandatory_s_lj_nowidth,1616241226,0
558,nocrash_mandatory_p_prec_1,1616241226,0
559,nocrash_mandatory_p_prec_2,1616241226,0
560,nocrash_mandatory_p_af,1616241226,0
561,nocrash_mandatory_p_zp_1,1616241226,0
562,nocrash_mandatory_p_zp_2,1616241226,0
563,nocrash_mandatory_p_sp_1,1616241226,0
564,nocrash_mandatory_p_sp_2,1616241226,0
565,nocrash_mandatory_p_size_hh,1616241226,0
566,nocrash_mandatory_p_size_h,1616241226,0
567,nocrash_mandatory_p_size_l,1616241226,0
568,nocrash_mandatory_p_size_ll,1616241226,0
569,nocrash_mandatory_p_size_L,1616241226,0
570,nocrash_mandatory_p_lj_nowidth,1616241226,0
571,nocrash_mandatory_d_size_L,1616241226,0
572,nocrash_mandatory_d_af,1616241226,0
573,nocrash_mandatory_d_size_hhh,1616241226,0
574,nocrash_mandatory_d_size_hhhh,1616241226,0
575,nocrash_mandatory_d_size_hhl,1616241226,0
576,nocrash_mandatory_d_size_hhll,1616241226,0
577,nocrash_mandatory_d_size_llh,1616241226,0
578,nocrash_mandatory_d_size_lll,1616241226,0
579,nocrash_mandatory_i_size_L,1616241226,0
580,nocrash_mandatory_i_af,1616241226,0
581,nocrash_mandatory_i_size_hhh,1616241226,0
582,nocrash_mandatory_i_lj_nowidth,1616241226,0
583,nocrash_mandatory_o_sp,1616241226,0
584,nocrash_mandatory_o_size_L,1616241226,0
585,nocrash_mandatory_o_size_hhh,1616241226,0
586,nocrash_mandatory_o_size_hhhh,1616241226,0
587,nocrash_mandatory_o_size_hhl,1616241226,0
588,nocrash_mandatory_o_size_hhll,1616241226,0
589,nocrash_mandatory_o_size_llh,1616241226,0
590,nocrash_mandatory_o_size_lll,1616241226,0
591,nocrash_mandatory_o_lj_nowidth,1616241226,0
592,nocrash_mandatory_u_size_L,1616241226,0
593,nocrash_mandatory_u_af,1616241226,0
594,nocrash_mandatory_u_sp,1616241226,0
595,nocrash_mandatory_u_size_hhh,1616241226,0
596,nocrash_mandatory_u_size_hhhh,1616241226,0
597,nocrash_mandatory_u_size_hhl,1616241226,0
598,nocrash_mandatory_u_size_hhll,1616241226,0
599,nocrash_mandatory_u_size_llh,1616241226,0
600,nocrash_mandatory_u_size_lll,1616241226,0
601,nocrash_mandatory_u_lj_nowidth,1616241226,0
602,nocrash_mandatory_x_size_L,1616241226,0
603,nocrash_mandatory_x_sp,1616241226,0
604,nocrash_mandatory_x_size_hhh,1616241226,0
605,nocrash_mandatory_x_size_hhhh,1616241226,0
606,nocrash_mandatory_x_size_hhl,1616241226,0
607,nocrash_mandatory_x_size_hhll,1616241226,0
608,nocrash_mandatory_x_size_llh,1616241226,0
609,nocrash_mandatory_x_size_lll,1616241226,0
610,nocrash_mandatory_X_size_L,1616241226,0
611,nocrash_mandatory_X_sp,1616241226,0
612,nocrash_mandatory_X_size_hhh,1616241226,0
613,nocrash_mandatory_X_size_llh,1616241226,0
614,nocrash_mandatory_x_lj_nowidth,1616241226,0
615,nocrash_mandatory_f_size_hh,1616241226,0
616,nocrash_mandatory_f_size_h,1616241226,0
617,nocrash_mandatory_f_size_ll,1616241226,0
618,nocrash_mandatory_f_size_lll,1616241226,0
619,nocrash_mandatory_f_size_llll,1616241226,0
620,nocrash_mandatory_f_size_LL,1616241226,0
621,nocrash_mandatory_f_size_Ll,1616241226,0
622,nocrash_mandatory_f_size_lL,1616241226,0
623,nocrash_mandatory_f_lj_nowidth,1616241226,1616239555
624,moul_s_1,1616241226,0
625,moul_s_2,1616241226,0
626,moul_s_3,1616241226,0
627,moul_s_4,1616241226,0
628,moul_s_5_this_ones_a_doozy,1616241226,0
629,moul_d_1,1616241226,0
630,moul_d_2,1616241226,0
631,moul_d_3,1616241226,0
632,moul_d_4,1616241226,0
633,moul_d_5,1616241226,0
634,moul_d_6,1616241226,0
635,moul_d_7,1616241226,0
636,moul_d_8,1616241226,0
637,moul_d_9,1616241226,0
638,moul_d_10,1616241226,0
639,moul_d_11,1616241226,0
640,moul_d_12,1616241226,0
641,moul_mix_1,1616241226,1616234415
642,moul_c_1,1616241226,0
643,moul_c_2,1616241226,0
644,moul_c_3,1616241226,0
645,moul_c_4,1616241226,0
646,moul_c_5,1616241226,0
647,moul_c_5b,1616241226,0
648,moul_c_6,1616241226,0
649,moul_c_7,1616241226,0
650,moul_c_8,1616241226,0
651,moul_c_9,1616241226,0
652,moul_c_10,1616241226,0
653,moul_c_11,1616241226,0
654,moul_c_12,1616241226,0
655,moul_c_13,1616241226,0
656,moul_c_14,1616241226,0
657,moul_c_15,1616241226,0
658,moul_c_16,1616241226,0
659,moul_c_17,1616241226,0
660,moul_c_18,1616241226,0
661,moul_c_19,1616241226,0
662,moul_c_20,1616241226,0
663,moul_c_21,1616241226,0
664,moul_c_22,1616241226,0
665,moul_c_23,1616241226,0
666,moul_c_24,1616241226,0
667,moul_c_25,1616241226,0
668,moul_c_26,1616241226,0
669,moul_c_27,1616241226,0
670,moul_c_28,1616241226,0
671,moul_i_1,1616241226,0
672,moul_i_2,1616241226,0
673,moul_i_3,1616241226,0
674,moul_i_4,1616241226,0
675,moul_i_5,1616241226,0
676,moul_i_6,1616241226,0
677,moul_i_7,1616241226,0
678,moul_i_8,1616241226,0
679,moul_i_9,1616241226,0
680,moul_i_10,1616241226,0
681,moul_i_11,1616241226,0
682,moul_i_12,1616241226,0
683,moul_u_1,1616241226,0
684,moul_u_2,1616241226,0
685,moul_u_3,1616241226,0
686,moul_u_4,1616241226,0
687,moul_u_5,1616241226,0
688,moul_u_6,1616241226,0
689,moul_u_7,1616241226,0
690,moul_u_8,1616241226,0
691,moul_u_9,1616241226,0
692,moul_u_10,1616241226,0
693,moul_u_11,1616241226,0
694,moul_u_12,1616241226,0
695,moul_x_1,1616241226,0
696,moul_x_2,1616241226,0
697,moul_x_3,1616241226,0
698,moul_x_4,1616241226,0
699,moul_x_5,1616241226,0
700,moul_x_6,1616241226,0
701,moul_x_7,1616241226,0
702,moul_x_8,1616241226,0
703,moul_x_9,1616241226,0
704,moul_x_10,1616241226,0
705,moul_x_11,1616241226,0
706,moul_x_12,1616241226,0
707,moul_prec_1,1616241226,1616239555
708,moul_prec_3,1616241226,1616239555
709,moul_prec_4,1616241226,1616239555
710,moul_prec_5,1616241226,1616239555
711,moul_zeropad_1,1616241226,1616239555
712,moul_zeropad_2,1616241226,1616239555
713,moul_zeropad_3,1616241226,1616239555
714,moul_zeropad_4,1616241226,1616239555
715,moul_leftjusty_1,1616241226,1616239555
716,moul_leftjusty_2,1616241226,1616239555
717,moul_leftjusty_3,1616241226,1616239555
718,moul_leftjusty_4,1616241226,1616239555
719,moul_leftjusty_5,1616241226,1616239555
720,moul_leftjusty_6,1616241226,1616239555
721,moul_leftjusty_7,1616241226,1616239555
722,moul_notmandatory_star_1,1616241226,1616239555
723,moul_notmandatory_star_3,1616241226,1616239555
724,moul_notmandatory_star_4,1616241226,1616239555
725,moul_notmandatory_star_5,1616241226,1616239555
726,new2019_star_1,1616241226,1616239555
727,new2019_star_2,1616241226,1616239555
728,new2019_star_3,1616241226,0
729,new2019_star_4,1616241226,1616239555
730,new2019_star_5,1616241226,1616239555
731,new2019_star_6,1616241226,1616239555
732,new2019_star_7,1616241226,1616239555
733,new2019_star_8,1616241226,1616239555
734,new2019_star_9,1616241226,1616239555
735,new2019_star_10,1616241226,1616239555
736,new2019_negstar_1,1616241226,1616239555
737,new2019_negstar_2,1616241226,1616239555
738,new2019_negstar_3,1616241226,0
739,new2019_negstar_4,1616241226,1616239555
740,new2019_negstar_5,1616241226,1616239555
741,new2019_negstar_6,1616241226,1616239555
742,new2019_negstar_7,1616241226,1616239555
743,new2019_negstar_8,1616241226,0
744,new2019_negstar_9,1616241226,1616239555
